-- 20 fake users. Every password is PaSWord
INSERT INTO Users(userid, username, password, useremail)
VALUES ('00000000-0000-0000-0000-000000000000', 'Jeff', '$2b$10$yM6wHn3IDtPttfUKnZ3mge/wTJKcxBnFSPNqm/2DIusW5KPYWNihm', 'jeff@ucsc.edu');
INSERT INTO Users(userid, username, password, useremail)
VALUES ('00000000-0000-0000-0000-000000000001', 'Aaron', '$2b$10$yM6wHn3IDtPttfUKnZ3mge/wTJKcxBnFSPNqm/2DIusW5KPYWNihm', 'aaron@ucsc.edu');
INSERT INTO Users(userid, username, password, useremail)
VALUES ('00000000-0000-0000-0000-000000000002', 'Julia', '$2b$10$yM6wHn3IDtPttfUKnZ3mge/wTJKcxBnFSPNqm/2DIusW5KPYWNihm', 'julia@ucsc.edu');
INSERT INTO Users(userid, username, password, useremail)
VALUES ('00000000-0000-0000-0000-000000000003', 'Spencer', '$2b$10$yM6wHn3IDtPttfUKnZ3mge/wTJKcxBnFSPNqm/2DIusW5KPYWNihm', 'spencer@ucsc.edu');
INSERT INTO Users(userid, username, password, useremail)
VALUES ('00000000-0000-0000-0000-000000000004', 'Caitlyn', '$2b$10$yM6wHn3IDtPttfUKnZ3mge/wTJKcxBnFSPNqm/2DIusW5KPYWNihm', 'caitlyn@ucsc.edu');
INSERT INTO Users(userid, username, password, useremail)
VALUES ('00000000-0000-0000-0000-000000000005', 'Andrew', '$2b$10$yM6wHn3IDtPttfUKnZ3mge/wTJKcxBnFSPNqm/2DIusW5KPYWNihm', 'andrew@ucsc.edu');
INSERT INTO Users(userid, username, password, useremail)
VALUES ('00000000-0000-0000-0000-000000000006', 'Derek', '$2b$10$yM6wHn3IDtPttfUKnZ3mge/wTJKcxBnFSPNqm/2DIusW5KPYWNihm', 'derek@ucsc.edu');
INSERT INTO Users(userid, username, password, useremail)
VALUES ('00000000-0000-0000-0000-000000000007', 'Mary', '$2b$10$yM6wHn3IDtPttfUKnZ3mge/wTJKcxBnFSPNqm/2DIusW5KPYWNihm', 'mary@ucsc.edu');
INSERT INTO Users(userid, username, password, useremail)
VALUES ('00000000-0000-0000-0000-000000000008', 'Takashi', '$2b$10$yM6wHn3IDtPttfUKnZ3mge/wTJKcxBnFSPNqm/2DIusW5KPYWNihm', 'takashi@ucsc.edu');
INSERT INTO Users(userid, username, password, useremail)
VALUES ('00000000-0000-0000-0000-000000000009', 'Tim', '$2b$10$yM6wHn3IDtPttfUKnZ3mge/wTJKcxBnFSPNqm/2DIusW5KPYWNihm', 'tim@ucsc.edu');
INSERT INTO Users(userid, username, password, useremail)
VALUES ('00000000-0000-0000-0000-000000000010', 'Bobby', '$2b$10$yM6wHn3IDtPttfUKnZ3mge/wTJKcxBnFSPNqm/2DIusW5KPYWNihm', 'bobby@ucsc.edu');
INSERT INTO Users(userid, username, password, useremail)
VALUES ('00000000-0000-0000-0000-000000000011', 'Kai', '$2b$10$yM6wHn3IDtPttfUKnZ3mge/wTJKcxBnFSPNqm/2DIusW5KPYWNihm', 'kai@ucsc.edu');
INSERT INTO Users(userid, username, password, useremail)
VALUES ('00000000-0000-0000-0000-000000000012', 'Vanessa', '$2b$10$yM6wHn3IDtPttfUKnZ3mge/wTJKcxBnFSPNqm/2DIusW5KPYWNihm', 'vanessa@ucsc.edu');
INSERT INTO Users(userid, username, password, useremail)
VALUES ('00000000-0000-0000-0000-000000000013', 'Rosa', '$2b$10$yM6wHn3IDtPttfUKnZ3mge/wTJKcxBnFSPNqm/2DIusW5KPYWNihm', 'rosa@ucsc.edu');
INSERT INTO Users(userid, username, password, useremail)
VALUES ('00000000-0000-0000-0000-000000000014', 'Patrick', '$2b$10$yM6wHn3IDtPttfUKnZ3mge/wTJKcxBnFSPNqm/2DIusW5KPYWNihm', 'patrick@ucsc.edu');
INSERT INTO Users(userid, username, password, useremail)
VALUES ('00000000-0000-0000-0000-000000000015', 'James', '$2b$10$yM6wHn3IDtPttfUKnZ3mge/wTJKcxBnFSPNqm/2DIusW5KPYWNihm', 'james@ucsc.edu');
INSERT INTO Users(userid, username, password, useremail)
VALUES ('00000000-0000-0000-0000-000000000016', 'Kevin', '$2b$10$yM6wHn3IDtPttfUKnZ3mge/wTJKcxBnFSPNqm/2DIusW5KPYWNihm', 'kevin@ucsc.edu');
INSERT INTO Users(userid, username, password, useremail)
VALUES ('00000000-0000-0000-0000-000000000017', 'Katie', '$2b$10$yM6wHn3IDtPttfUKnZ3mge/wTJKcxBnFSPNqm/2DIusW5KPYWNihm', 'katie@ucsc.edu');
INSERT INTO Users(userid, username, password, useremail)
VALUES ('00000000-0000-0000-0000-000000000018', 'Alex', '$2b$10$yM6wHn3IDtPttfUKnZ3mge/wTJKcxBnFSPNqm/2DIusW5KPYWNihm', 'alex@ucsc.edu');
INSERT INTO Users(userid, username, password, useremail)
VALUES ('00000000-0000-0000-0000-000000000019', 'Elle', '$2b$10$yM6wHn3IDtPttfUKnZ3mge/wTJKcxBnFSPNqm/2DIusW5KPYWNihm', 'elle@ucsc.edu');

-- 10 Businesses. Every password is password
INSERT INTO Businesses(businessid, businessname, password, phonenumber, businessemail, description)
VALUES ('00000000-0000-0000-0000-000000000000', 'Test Inc.', '$2b$10$yGQjScs.rHEbbccY2NVipeYAIvtTENxUbzME65JReiU1i6fgXw0.a', '000-000-0000', 'contact@testinc.com', 'This is a test description for this test company. Follow us on Twitter at @testinc or like us on Facebook.');
INSERT INTO Businesses(businessid, businessname, password, phonenumber, businessemail)
VALUES ('10000000-0000-0000-0000-000000000000', 'Google', '$2b$10$yGQjScs.rHEbbccY2NVipeYAIvtTENxUbzME65JReiU1i6fgXw0.a', '000-000-0001', 'contact@google.com');
INSERT INTO Businesses(businessid, businessname, password, phonenumber, businessemail)
VALUES ('20000000-0000-0000-0000-000000000000', 'Amazon', '$2b$10$yGQjScs.rHEbbccY2NVipeYAIvtTENxUbzME65JReiU1i6fgXw0.a', '000-000-0002', 'contact@amazon.com');
INSERT INTO Businesses(businessid, businessname, password, phonenumber, businessemail)
VALUES ('30000000-0000-0000-0000-000000000000', 'Facebook', '$2b$10$yGQjScs.rHEbbccY2NVipeYAIvtTENxUbzME65JReiU1i6fgXw0.a', '000-000-0003', 'contact@facebook.com');
INSERT INTO Businesses(businessid, businessname, password, phonenumber, businessemail)
VALUES ('40000000-0000-0000-0000-000000000000', 'Netflix', '$2b$10$yGQjScs.rHEbbccY2NVipeYAIvtTENxUbzME65JReiU1i6fgXw0.a', '000-000-0004', 'contact@netflix.com');
INSERT INTO Businesses(businessid, businessname, password, phonenumber, businessemail)
VALUES ('50000000-0000-0000-0000-000000000000', 'Apple', '$2b$10$yGQjScs.rHEbbccY2NVipeYAIvtTENxUbzME65JReiU1i6fgXw0.a', '000-000-0005', 'contact@apple.com');
INSERT INTO Businesses(businessid, businessname, password, phonenumber, businessemail)
VALUES ('60000000-0000-0000-0000-000000000000', 'Cal Fit', '$2b$10$yGQjScs.rHEbbccY2NVipeYAIvtTENxUbzME65JReiU1i6fgXw0.a', '000-000-0006', 'contact@calfit.com');
INSERT INTO Businesses(businessid, businessname, password, phonenumber, businessemail)
VALUES ('70000000-0000-0000-0000-000000000000', 'UCSC', '$2b$10$yGQjScs.rHEbbccY2NVipeYAIvtTENxUbzME65JReiU1i6fgXw0.a', '000-000-0007', 'contact@ucsc.edu');
INSERT INTO Businesses(businessid, businessname, password, phonenumber, businessemail)
VALUES ('80000000-0000-0000-0000-000000000000', 'Nintendo', '$2b$10$yGQjScs.rHEbbccY2NVipeYAIvtTENxUbzME65JReiU1i6fgXw0.a', '000-000-0008', 'contact@nintendo.com');
INSERT INTO Businesses(businessid, businessname, password, phonenumber, businessemail)
VALUES ('90000000-0000-0000-0000-000000000000', 'Microsoft', '$2b$10$yGQjScs.rHEbbccY2NVipeYAIvtTENxUbzME65JReiU1i6fgXw0.a', '000-000-0009', 'contact@microsoft.com');

-- 10 events
INSERT INTO Events(eventid, eventname, businessid, starttime, endtime, capacity, description)
VALUES ('00000000-0001-0000-0000-000000000000', 'Test Event 1', '00000000-0000-0000-0000-000000000000', '2021-05-02T09:00:00.000Z', '2021-05-02T10:00:00.000Z', 5, 'This is the description for Test Event 1.');
INSERT INTO Events(eventid, eventname, businessid, starttime, endtime, capacity)
VALUES ('00000000-0002-0000-0000-000000000000', 'Test Event 2', '10000000-0000-0000-0000-000000000000', '2021-05-02T10:30:00.000Z', '2021-05-02T12:30:00.000Z', 10);
INSERT INTO Events(eventid, eventname, businessid, starttime, endtime, capacity, description)
VALUES ('00000000-0003-0000-0000-000000000000', 'Test Event 3', '20000000-0000-0000-0000-000000000000', '2021-05-03T13:30:00.000Z', '2021-05-03T16:00:00.000Z', 4, 'This is the description for Test Event 3. Test Event 3 has a longer description than the others.');
INSERT INTO Events(eventid, eventname, businessid, starttime, endtime, capacity, description)
VALUES ('00000000-0004-0000-0000-000000000000', 'Test Event 4', '30000000-0000-0000-0000-000000000000', '2021-05-03T08:20:00.000Z', '2021-05-03T09:22:00.000Z', 5, 'This is the description for Test Event 4.');
INSERT INTO Events(eventid, eventname, businessid, starttime, endtime, capacity, description)
VALUES ('00000000-0005-0000-0000-000000000000', 'Test Event 5', '40000000-0000-0000-0000-000000000000', '2021-05-03T16:30:00.000Z', '2021-05-03T18:00:00.000Z', 8, 'This is the description for Test Event 5.');
INSERT INTO Events(eventid, eventname, businessid, starttime, endtime, capacity, description)
VALUES ('00000000-0006-0000-0000-000000000000', 'Test Event 6', '50000000-0000-0000-0000-000000000000', '2021-05-04T10:30:00.000Z', '2021-05-04T14:00:00.000Z', 20, 'This is the description for Test Event 6.');
INSERT INTO Events(eventid, eventname, businessid, starttime, endtime, capacity, description)
VALUES ('00000000-0007-0000-0000-000000000000', 'Test Event 7', '60000000-0000-0000-0000-000000000000', '2021-06-05T07:30:00.000Z', '2021-06-05T08:00:00.000Z', 50, 'This is the description for Test Event 7.');
INSERT INTO Events(eventid, eventname, businessid, starttime, endtime, capacity, description)
VALUES ('00000000-0008-0000-0000-000000000000', 'Test Event 8', '70000000-0000-0000-0000-000000000000', '2021-07-06T15:00:00.000Z', '2021-07-06T19:30:00.000Z', 90, 'This is the description for Test Event 8.');
INSERT INTO Events(eventid, eventname, businessid, starttime, endtime, capacity, description)
VALUES ('00000000-0009-0000-0000-000000000000', 'Test Event 9', '80000000-0000-0000-0000-000000000000', '2021-08-06T11:45:00.000Z', '2021-08-06T12:45:00.000Z', 25, 'This is the description for Test Event 9.');
INSERT INTO Events(eventid, eventname, businessid, starttime, endtime, capacity, description)
VALUES ('00000000-0010-0000-0000-000000000000', 'Test Event 10', '90000000-0000-0000-0000-000000000000', '2021-09-07T13:30:00.000Z', '2021-09-07T15:00:00.000Z', 45, 'This is the description for Test Event 10.');
INSERT INTO Events(eventid, eventname, businessid, starttime, endtime, capacity, description)
VALUES ('00000000-0011-0000-0000-000000000000', 'Test Event 11', '90000000-0000-0000-0000-000000000000', '2021-10-07T13:30:00.000Z', '2021-10-07T15:00:00.000Z', 50, 'This is the description for Test Event 1.');
INSERT INTO Events(membersonly, eventid, eventname, businessid, starttime, endtime, capacity, description)
VALUES ('f', '00000000-0012-0000-0000-000000000000', 'Public Event 1', '90000000-0000-0000-0000-000000000000', '2021-10-07T13:30:00.000Z', '2021-10-07T15:00:00.000Z', 50, 'A public event with a capacity of 50.');



INSERT INTO Attendees(eventid, userid)
VALUES ('00000000-0001-0000-0000-000000000000', '00000000-0000-0000-0000-000000000000');
INSERT INTO Attendees(eventid, userid)
VALUES ('00000000-0002-0000-0000-000000000000', '00000000-0000-0000-0000-000000000000');
INSERT INTO Attendees(eventid, userid)
VALUES ('00000000-0002-0000-0000-000000000000', '00000000-0000-0000-0000-000000000000');
INSERT INTO Attendees(eventid, userid)
VALUES ('00000000-0003-0000-0000-000000000000', '00000000-0000-0000-0000-000000000001');
INSERT INTO Attendees(eventid, userid)
VALUES ('00000000-0004-0000-0000-000000000000', '00000000-0000-0000-0000-000000000000');
INSERT INTO Attendees(eventid, userid)
VALUES ('00000000-0001-0000-0000-000000000000', '00000000-0000-0000-0000-000000000002');
INSERT INTO Attendees(eventid, userid)
VALUES ('00000000-0002-0000-0000-000000000000', '00000000-0000-0000-0000-000000000003');
INSERT INTO Attendees(eventid, userid)
VALUES ('00000000-0003-0000-0000-000000000000', '00000000-0000-0000-0000-000000000004');
INSERT INTO Attendees(eventid, userid)
VALUES ('00000000-0003-0000-0000-000000000000', '00000000-0000-0000-0000-000000000005');
INSERT INTO Attendees(eventid, userid)
VALUES ('00000000-0003-0000-0000-000000000000', '00000000-0000-0000-0000-000000000006');
INSERT INTO Attendees(eventid, userid)
VALUES ('00000000-0004-0000-0000-000000000000', '00000000-0000-0000-0000-000000000007');
INSERT INTO Attendees(eventid, userid)
VALUES ('00000000-0004-0000-0000-000000000000', '00000000-0000-0000-0000-000000000008');
INSERT INTO Attendees(eventid, userid)
VALUES ('00000000-0004-0000-0000-000000000000', '00000000-0000-0000-0000-000000000009');
INSERT INTO Attendees(eventid, userid)
VALUES ('00000000-0004-0000-0000-000000000000', '00000000-0000-0000-0000-000000000010');
INSERT INTO Attendees(eventid, userid)
VALUES ('00000000-0005-0000-0000-000000000000', '00000000-0000-0000-0000-000000000011');
INSERT INTO Attendees(eventid, userid)
VALUES ('00000000-0005-0000-0000-000000000000', '00000000-0000-0000-0000-000000000012');
INSERT INTO Attendees(eventid, userid)
VALUES ('00000000-0005-0000-0000-000000000000', '00000000-0000-0000-0000-000000000013');
INSERT INTO Attendees(eventid, userid)
VALUES ('00000000-0006-0000-0000-000000000000', '00000000-0000-0000-0000-000000000014');
INSERT INTO Attendees(eventid, userid)
VALUES ('00000000-0006-0000-0000-000000000000', '00000000-0000-0000-0000-000000000015');
INSERT INTO Attendees(eventid, userid)
VALUES ('00000000-0007-0000-0000-000000000000', '00000000-0000-0000-0000-000000000016');
INSERT INTO Attendees(eventid, userid)
VALUES ('00000000-0008-0000-0000-000000000000', '00000000-0000-0000-0000-000000000017');
INSERT INTO Attendees(eventid, userid)
VALUES ('00000000-0009-0000-0000-000000000000', '00000000-0000-0000-0000-000000000018');
INSERT INTO Attendees(eventid, userid)
VALUES ('00000000-0010-0000-0000-000000000000', '00000000-0000-0000-0000-000000000019');
